Date,Input,Mood,Detailed Analysis
2025-02-10 05:12:58,I am not feeling well,Negative,"**Mood Analysis:**  The text conveys a sense of general malaise and discomfort. The use of the word 'not' suggests a negative state of mind, while the phrase 'feeling well' implies a lack of physical and/or emotional well-being.  **Insightful Response:**  *Acknowledge the client's distress:* 'I understand that you're not feeling well right now. Can you tell me more about what you're experiencing?'  *Explore the nature of the discomfort:* 'Can you describe how you're feeling physically and emotionally? Are there any specific symptoms or thoughts that are troubling you?'  *Identify potential causes:* 'Have you noticed any changes in your daily routine, relationships, or environment that may be contributing to your feelings? Are there any known stressors or triggers?'  *Offer support and validation:* 'It's important to know that you're not alone. Many people experience periods of feeling unwell. I'm here to listen and support you.'  *Encourage coping mechanisms:* 'Can you think of any coping mechanisms or self-care practices that have helped you in the past? Would you like to discuss some strategies for managing your discomfort?'  *Assess the need for professional help:* 'If your symptoms persist or worsen, it's important to consider seeking professional help. A therapist can provide further support, guidance, and treatment options as needed.'"
2025-02-10 05:13:29,what is going on? the work stress is getting too much,Negative,"**Mood Analysis:**  The text conveys a sense of distress, frustration, and overwhelmedness. The use of the phrase 'what is going on' indicates confusion and a sense of losing control. The mention of 'work stress getting too much' highlights the source of the negative mood.  **Insightful Response:**  It's understandable to feel overwhelmed and distressed when work stress becomes excessive. Here are some insights and potential coping mechanisms:  * **Acknowledge the Stress:** Recognize that you are experiencing significant work-related stress and validate your feelings. Suppressing or denying stress can worsen its impact. * **Identify Stressors:** Pinpoint the specific factors contributing to your stress. Is it workload, deadlines, interpersonal conflicts, or a combination of these? * **Set Boundaries:** Establish clear boundaries between work and personal time. Protect your non-work hours to prevent burnout. * **Communicate with Others:** Express your concerns to your supervisor or colleagues. They may be able to provide support or adjust workloads. * **Prioritize and Delegate:** Focus on the most important tasks and delegate whenever possible. Trying to do everything yourself can lead to overwhelm. * **Practice Self-Care:** Engage in activities that promote your well-being, such as exercise, meditation, or spending time with loved ones. * **Consider Professional Help:** If your work stress is significantly impacting your mental health, don't hesitate to seek professional help. A therapist can provide coping strategies and emotional support.  Remember, managing work stress is an ongoing process. It requires awareness, self-care, and sometimes adjusting your work environment or responsibilities. By implementing these strategies, you can alleviate the negative mood and regain a sense of control and well-being."
2025-02-10 05:17:34,what is going on? the work stress is getting too much,Negative,"**Mood Analysis:**  The text expresses a sense of overwhelm and stress. The use of strong language such as 'too much' suggests a high level of emotional intensity. The speaker is conveying a feeling of being burdened and unable to cope.  **Insightful Response:**  It appears that you are experiencing significant stress related to your work. This is understandable, as workplace demands can sometimes feel overwhelming. Here are some potential reasons for your current mood:  * **Excessive workload:** You may be taking on more tasks than you can realistically handle. * **Unrealistic deadlines:** Time constraints can create a sense of urgency and pressure. * **Lack of support:** Not having adequate support from colleagues or superiors can increase stress levels. * **Unclear expectations:** Uncertainty about what is expected of you can lead to anxiety and frustration. * **Organizational factors:** Issues such as inadequate resources or poor communication can contribute to workplace stress.  **Recommendations:**  * **Identify stressors:** Determine the specific factors that are causing your stress. * **Communicate with your supervisor:** Discuss your workload and concerns. Explore options for reducing stress or restructuring tasks. * **Set boundaries:** Protect your time and energy by setting clear limits on your work hours and commitments. * **Take breaks:** Engage in regular breaks throughout the day to recharge and reduce stress. * **Practice self-care:** Prioritize your physical and emotional well-being by engaging in activities that bring you joy and relaxation. * **Seek professional help:** If you find that you are unable to manage your work stress effectively, consider seeking support from a therapist or counselor. They can provide coping mechanisms and strategies for stress management.  Remember that it is important to address workplace stress as it can have negative consequences for both your physical and mental health. By taking proactive steps to manage your stress, you can improve your overall well-being and productivity."
2025-02-10 05:19:49,"I am happy, I did good on the exam",Positive,"**Mood Analysis:**  The text conveys a positive mood. The use of the words 'happy' and 'good' indicates feelings of contentment and satisfaction.  **Insightful Response:**  Congratulations on your successful performance on the exam. It's understandable that you feel happy about your achievement. Success can boost self-esteem, provide a sense of accomplishment, and contribute to overall well-being.  It's important to acknowledge and appreciate your hard work and dedication. Reflecting on your efforts can reinforce your strengths and motivate you for future challenges. Additionally, sharing your success with loved ones or mentors can enhance the positive feelings associated with it.  Remember that occasional setbacks are a natural part of life. Don't let them discourage you. Instead, use them as learning opportunities and continue to strive for progress and growth."
2025-02-10 05:21:46,"I feel okay, because I did not do anything much today
",Negative,"**Mood Analysis:**  The text reflects a neutral or slightly positive mood. The writer expresses a sense of contentment or satisfaction with their day, suggesting a calm and unburdened state.  **Insightful Response:**  Your statement implies that your mood is influenced by your level of activity. While it's understandable to feel good after a day without significant challenges, it's important to remember that a balanced mood is essential for overall well-being.  Consider the following:  * **Engage in meaningful activities:** Even on days when you don't feel particularly motivated, make an effort to participate in activities that bring you joy or fulfillment. This can help maintain a positive mood. * **Practice gratitude:** Take time to appreciate the good things in your life. Focusing on what you have instead of what you lack can boost your mood. * **Seek social connection:** Interacting with others can provide emotional support and improve your mood. Make an effort to connect with friends, family, or colleagues. * **Manage stress:** Stress can negatively impact your mood. Engage in stress-reducing activities such as exercise, meditation, or spending time in nature.  Remember that your mood is influenced by both internal and external factors. By taking proactive steps to maintain a balanced mood, you can promote your overall well-being."
2025-02-10 14:27:28,I am feeling anxious and exhausted,Negative,"** Mood Analysis: **  The text conveys a mood of distress, characterized by feelings of anxiety and exhaustion. These emotions may be indicative of stress, overwhelm, or emotional strain.  ** Insightful Response: **  It's understandable to feel anxious and exhausted, especially during challenging times. Here are some insights:  * **Acknowledge your feelings:** Recognize that your emotions are valid and do not ignore or suppress them. * **Identify potential causes:** Reflect on what may be contributing to your anxiety and exhaustion. Are there external pressures, stressors, or underlying concerns? * **Practice self-care:** Prioritize activities that promote your well-being, such as exercise, relaxation techniques, or spending time in nature. * **Seek support:** Reach out to trusted friends, family members, or a mental health professional if needed. Talking about your feelings can provide emotional relief and support. * **Reframe negative thoughts:** Challenge anxious or overwhelming thoughts. Focus on positive aspects of your situation or ways to manage the challenges. * **Consider professional help:** If your anxiety and exhaustion persist or significantly impact your daily life, consider seeking professional help. A therapist can provide personalized guidance and support.  Remember, you're not alone and taking steps to manage your distress can help you towards a more balanced and fulfilling state."
2025-05-20 10:50:04,<MagicMock name='mock.text_area()' id='4553913888'>,Neutral,Test analysis
2025-05-20 10:50:12,<MagicMock name='mock.text_area()' id='4584416528'>,Neutral,Test analysis
2025-05-20 10:51:39,<MagicMock name='mock.text_area()' id='4537349664'>,Neutral,Test analysis
